--------------------------------------------------------
--  File created - Cuma-Mayýs-18-2018   
--------------------------------------------------------
--------------------------------------------------------
--  DDL for Sequence SEQUENCE1
--------------------------------------------------------

   CREATE SEQUENCE  "MUHAMMED"."SEQUENCE1"  MINVALUE 1 MAXVALUE 99999 INCREMENT BY 1 START WITH 21 CACHE 20 NOORDER  NOCYCLE ;
--------------------------------------------------------
--  DDL for Table AA
--------------------------------------------------------

  CREATE TABLE "MUHAMMED"."AA" 
   (	"BB" NUMBER(3,0), 
	"CC" NUMBER(2,0)
   ) SEGMENT CREATION IMMEDIATE 
  PCTFREE 10 PCTUSED 40 INITRANS 1 MAXTRANS 255 NOCOMPRESS LOGGING
  STORAGE(INITIAL 65536 NEXT 1048576 MINEXTENTS 1 MAXEXTENTS 2147483645
  PCTINCREASE 0 FREELISTS 1 FREELIST GROUPS 1 BUFFER_POOL DEFAULT FLASH_CACHE DEFAULT CELL_FLASH_CACHE DEFAULT)
  TABLESPACE "USERS" ;
--------------------------------------------------------
--  DDL for Table CLASS
--------------------------------------------------------

  CREATE TABLE "MUHAMMED"."CLASS" 
   (	"CLASS_ID" NUMBER(*,0), 
	"CLASS_NAME" VARCHAR2(20 BYTE), 
	"SUBJECT_ID" NUMBER(*,0), 
	"TEACHER_ID" NUMBER(*,0), 
	"STUDENT_ID" NUMBER
   ) SEGMENT CREATION IMMEDIATE 
  PCTFREE 10 PCTUSED 40 INITRANS 1 MAXTRANS 255 NOCOMPRESS LOGGING
  STORAGE(INITIAL 65536 NEXT 1048576 MINEXTENTS 1 MAXEXTENTS 2147483645
  PCTINCREASE 0 FREELISTS 1 FREELIST GROUPS 1 BUFFER_POOL DEFAULT FLASH_CACHE DEFAULT CELL_FLASH_CACHE DEFAULT)
  TABLESPACE "USERS" ;
--------------------------------------------------------
--  DDL for Table CLASS2
--------------------------------------------------------

  CREATE TABLE "MUHAMMED"."CLASS2" 
   (	"CLASS_ID" NUMBER(*,0), 
	"CLASS_NAME" VARCHAR2(20 BYTE), 
	"SUBJECT_ID" NUMBER(*,0), 
	"TEACHER_ID" NUMBER(*,0), 
	"STUDENT_ID" NUMBER
   ) SEGMENT CREATION IMMEDIATE 
  PCTFREE 10 PCTUSED 40 INITRANS 1 MAXTRANS 255 NOCOMPRESS LOGGING
  STORAGE(INITIAL 65536 NEXT 1048576 MINEXTENTS 1 MAXEXTENTS 2147483645
  PCTINCREASE 0 FREELISTS 1 FREELIST GROUPS 1 BUFFER_POOL DEFAULT FLASH_CACHE DEFAULT CELL_FLASH_CACHE DEFAULT)
  TABLESPACE "USERS" ;
--------------------------------------------------------
--  DDL for Table CONTACT
--------------------------------------------------------

  CREATE TABLE "MUHAMMED"."CONTACT" 
   (	"CONTACT_ID" NUMBER(*,0), 
	"STREET" VARCHAR2(20 BYTE), 
	"VILLAGE" VARCHAR2(20 BYTE), 
	"CITY" VARCHAR2(20 BYTE), 
	"TEL_NUMBER" VARCHAR2(20 BYTE)
   ) SEGMENT CREATION IMMEDIATE 
  PCTFREE 10 PCTUSED 40 INITRANS 1 MAXTRANS 255 NOCOMPRESS LOGGING
  STORAGE(INITIAL 65536 NEXT 1048576 MINEXTENTS 1 MAXEXTENTS 2147483645
  PCTINCREASE 0 FREELISTS 1 FREELIST GROUPS 1 BUFFER_POOL DEFAULT FLASH_CACHE DEFAULT CELL_FLASH_CACHE DEFAULT)
  TABLESPACE "USERS" ;
--------------------------------------------------------
--  DDL for Table FATURA
--------------------------------------------------------

  CREATE TABLE "MUHAMMED"."FATURA" 
   (	"FATURA_NO" VARCHAR2(20 BYTE), 
	"TARIH" DATE, 
	"TUTAR" VARCHAR2(20 BYTE), 
	"OGRENCI" VARCHAR2(20 BYTE)
   ) SEGMENT CREATION IMMEDIATE 
  PCTFREE 10 PCTUSED 40 INITRANS 1 MAXTRANS 255 NOCOMPRESS LOGGING
  STORAGE(INITIAL 65536 NEXT 1048576 MINEXTENTS 1 MAXEXTENTS 2147483645
  PCTINCREASE 0 FREELISTS 1 FREELIST GROUPS 1 BUFFER_POOL DEFAULT FLASH_CACHE DEFAULT CELL_FLASH_CACHE DEFAULT)
  TABLESPACE "USERS" ;
--------------------------------------------------------
--  DDL for Table K_USER
--------------------------------------------------------

  CREATE TABLE "MUHAMMED"."K_USER" 
   (	"USER_ID" NUMBER(*,0), 
	"USERNAME" VARCHAR2(20 BYTE), 
	"PASSWORD" VARCHAR2(20 BYTE), 
	"PRIVILIGESID" VARCHAR2(20 BYTE)
   ) SEGMENT CREATION IMMEDIATE 
  PCTFREE 10 PCTUSED 40 INITRANS 1 MAXTRANS 255 NOCOMPRESS LOGGING
  STORAGE(INITIAL 65536 NEXT 1048576 MINEXTENTS 1 MAXEXTENTS 2147483645
  PCTINCREASE 0 FREELISTS 1 FREELIST GROUPS 1 BUFFER_POOL DEFAULT FLASH_CACHE DEFAULT CELL_FLASH_CACHE DEFAULT)
  TABLESPACE "USERS" ;
--------------------------------------------------------
--  DDL for Table OGRENCIESKI
--------------------------------------------------------

  CREATE TABLE "MUHAMMED"."OGRENCIESKI" 
   (	"STD_ID" NUMBER, 
	"NAME" VARCHAR2(20 BYTE), 
	"SURNAME" VARCHAR2(20 BYTE), 
	"AGE" NVARCHAR2(20), 
	"PARENT_ID" NUMBER, 
	"CLASS_ID" NUMBER, 
	"TARIH" DATE
   ) SEGMENT CREATION IMMEDIATE 
  PCTFREE 10 PCTUSED 40 INITRANS 1 MAXTRANS 255 NOCOMPRESS LOGGING
  STORAGE(INITIAL 65536 NEXT 1048576 MINEXTENTS 1 MAXEXTENTS 2147483645
  PCTINCREASE 0 FREELISTS 1 FREELIST GROUPS 1 BUFFER_POOL DEFAULT FLASH_CACHE DEFAULT CELL_FLASH_CACHE DEFAULT)
  TABLESPACE "USERS" ;
--------------------------------------------------------
--  DDL for Table PARENT
--------------------------------------------------------

  CREATE TABLE "MUHAMMED"."PARENT" 
   (	"PARENT_ID" NUMBER(*,0), 
	"NAME" VARCHAR2(20 BYTE), 
	"SURNAME" VARCHAR2(20 BYTE), 
	"CONTACT_ID" NUMBER(*,0)
   ) SEGMENT CREATION IMMEDIATE 
  PCTFREE 10 PCTUSED 40 INITRANS 1 MAXTRANS 255 NOCOMPRESS LOGGING
  STORAGE(INITIAL 65536 NEXT 1048576 MINEXTENTS 1 MAXEXTENTS 2147483645
  PCTINCREASE 0 FREELISTS 1 FREELIST GROUPS 1 BUFFER_POOL DEFAULT FLASH_CACHE DEFAULT CELL_FLASH_CACHE DEFAULT)
  TABLESPACE "USERS" ;
--------------------------------------------------------
--  DDL for Table PAYMENT
--------------------------------------------------------

  CREATE TABLE "MUHAMMED"."PAYMENT" 
   (	"PAYMENT_ID" NUMBER(*,0), 
	"STUDENT_ID" NUMBER, 
	"AMOUNT" VARCHAR2(40 BYTE), 
	"FROMDATE" VARCHAR2(20 BYTE)
   ) SEGMENT CREATION IMMEDIATE 
  PCTFREE 10 PCTUSED 40 INITRANS 1 MAXTRANS 255 NOCOMPRESS LOGGING
  STORAGE(INITIAL 65536 NEXT 1048576 MINEXTENTS 1 MAXEXTENTS 2147483645
  PCTINCREASE 0 FREELISTS 1 FREELIST GROUPS 1 BUFFER_POOL DEFAULT FLASH_CACHE DEFAULT CELL_FLASH_CACHE DEFAULT)
  TABLESPACE "USERS" ;
--------------------------------------------------------
--  DDL for Table PRIVILIGES
--------------------------------------------------------

  CREATE TABLE "MUHAMMED"."PRIVILIGES" 
   (	"ID" NUMBER, 
	"PRIVILIGES_NAME" VARCHAR2(20 BYTE)
   ) SEGMENT CREATION IMMEDIATE 
  PCTFREE 10 PCTUSED 40 INITRANS 1 MAXTRANS 255 NOCOMPRESS LOGGING
  STORAGE(INITIAL 65536 NEXT 1048576 MINEXTENTS 1 MAXEXTENTS 2147483645
  PCTINCREASE 0 FREELISTS 1 FREELIST GROUPS 1 BUFFER_POOL DEFAULT FLASH_CACHE DEFAULT CELL_FLASH_CACHE DEFAULT)
  TABLESPACE "USERS" ;
--------------------------------------------------------
--  DDL for Table SA
--------------------------------------------------------

  CREATE TABLE "MUHAMMED"."SA" 
   (	"ADA" NUMBER(3,0)
   ) SEGMENT CREATION IMMEDIATE 
  PCTFREE 10 PCTUSED 40 INITRANS 1 MAXTRANS 255 NOCOMPRESS LOGGING
  STORAGE(INITIAL 65536 NEXT 1048576 MINEXTENTS 1 MAXEXTENTS 2147483645
  PCTINCREASE 0 FREELISTS 1 FREELIST GROUPS 1 BUFFER_POOL DEFAULT FLASH_CACHE DEFAULT CELL_FLASH_CACHE DEFAULT)
  TABLESPACE "USERS" ;
--------------------------------------------------------
--  DDL for Table SILINMISOGRENCIKAYITLARI
--------------------------------------------------------

  CREATE TABLE "MUHAMMED"."SILINMISOGRENCIKAYITLARI" 
   (	"STD_ID" NUMBER, 
	"NAME" VARCHAR2(20 BYTE), 
	"SURNAME" VARCHAR2(20 BYTE), 
	"AGE" NUMBER, 
	"PARENT_ID" NUMBER, 
	"CLASS_ID" NUMBER, 
	"TARIH" DATE
   ) SEGMENT CREATION IMMEDIATE 
  PCTFREE 10 PCTUSED 40 INITRANS 1 MAXTRANS 255 NOCOMPRESS LOGGING
  STORAGE(INITIAL 65536 NEXT 1048576 MINEXTENTS 1 MAXEXTENTS 2147483645
  PCTINCREASE 0 FREELISTS 1 FREELIST GROUPS 1 BUFFER_POOL DEFAULT FLASH_CACHE DEFAULT CELL_FLASH_CACHE DEFAULT)
  TABLESPACE "USERS" ;
--------------------------------------------------------
--  DDL for Table STUDENT
--------------------------------------------------------

  CREATE TABLE "MUHAMMED"."STUDENT" 
   (	"STD_ID" NUMBER(6,0), 
	"NAME" VARCHAR2(35 BYTE), 
	"SURNAME" VARCHAR2(35 BYTE), 
	"AGE" VARCHAR2(20 BYTE), 
	"PARENT_ID" NUMBER(*,0), 
	"CLASS_ID" NUMBER(*,0)
   ) SEGMENT CREATION IMMEDIATE 
  PCTFREE 10 PCTUSED 40 INITRANS 1 MAXTRANS 255 NOCOMPRESS LOGGING
  STORAGE(INITIAL 65536 NEXT 1048576 MINEXTENTS 1 MAXEXTENTS 2147483645
  PCTINCREASE 0 FREELISTS 1 FREELIST GROUPS 1 BUFFER_POOL DEFAULT FLASH_CACHE DEFAULT CELL_FLASH_CACHE DEFAULT)
  TABLESPACE "USERS" ;
--------------------------------------------------------
--  DDL for Table SUBJECT
--------------------------------------------------------

  CREATE TABLE "MUHAMMED"."SUBJECT" 
   (	"SUBJECT_ID" NUMBER(*,0), 
	"SUBJECT_NAME" VARCHAR2(20 BYTE)
   ) SEGMENT CREATION IMMEDIATE 
  PCTFREE 10 PCTUSED 40 INITRANS 1 MAXTRANS 255 NOCOMPRESS LOGGING
  STORAGE(INITIAL 65536 NEXT 1048576 MINEXTENTS 1 MAXEXTENTS 2147483645
  PCTINCREASE 0 FREELISTS 1 FREELIST GROUPS 1 BUFFER_POOL DEFAULT FLASH_CACHE DEFAULT CELL_FLASH_CACHE DEFAULT)
  TABLESPACE "USERS" ;
--------------------------------------------------------
--  DDL for Table TABLE1
--------------------------------------------------------

  CREATE TABLE "MUHAMMED"."TABLE1" 
   (	"COLUMN1" VARCHAR2(20 BYTE)
   ) SEGMENT CREATION IMMEDIATE 
  PCTFREE 10 PCTUSED 40 INITRANS 1 MAXTRANS 255 NOCOMPRESS LOGGING
  STORAGE(INITIAL 65536 NEXT 1048576 MINEXTENTS 1 MAXEXTENTS 2147483645
  PCTINCREASE 0 FREELISTS 1 FREELIST GROUPS 1 BUFFER_POOL DEFAULT FLASH_CACHE DEFAULT CELL_FLASH_CACHE DEFAULT)
  TABLESPACE "USERS" ;
--------------------------------------------------------
--  DDL for Table TEACHER
--------------------------------------------------------

  CREATE TABLE "MUHAMMED"."TEACHER" 
   (	"TEACHER_ID" NUMBER(*,0), 
	"NAME" VARCHAR2(20 BYTE), 
	"SURNAME" VARCHAR2(20 BYTE), 
	"AGE" VARCHAR2(10 BYTE), 
	"CONTACT_ID" NUMBER(*,0)
   ) SEGMENT CREATION IMMEDIATE 
  PCTFREE 10 PCTUSED 40 INITRANS 1 MAXTRANS 255 NOCOMPRESS LOGGING
  STORAGE(INITIAL 65536 NEXT 1048576 MINEXTENTS 1 MAXEXTENTS 2147483645
  PCTINCREASE 0 FREELISTS 1 FREELIST GROUPS 1 BUFFER_POOL DEFAULT FLASH_CACHE DEFAULT CELL_FLASH_CACHE DEFAULT)
  TABLESPACE "USERS" ;
--------------------------------------------------------
--  DDL for Table USER_PRIVILIGES
--------------------------------------------------------

  CREATE TABLE "MUHAMMED"."USER_PRIVILIGES" 
   (	"USER_ID" NUMBER, 
	"PRIVILIGES_ID" NUMBER
   ) SEGMENT CREATION IMMEDIATE 
  PCTFREE 10 PCTUSED 40 INITRANS 1 MAXTRANS 255 NOCOMPRESS LOGGING
  STORAGE(INITIAL 65536 NEXT 1048576 MINEXTENTS 1 MAXEXTENTS 2147483645
  PCTINCREASE 0 FREELISTS 1 FREELIST GROUPS 1 BUFFER_POOL DEFAULT FLASH_CACHE DEFAULT CELL_FLASH_CACHE DEFAULT)
  TABLESPACE "USERS" ;
--------------------------------------------------------
--  DDL for View OGRENCI_SINIF_LISTESI
--------------------------------------------------------

  CREATE OR REPLACE FORCE VIEW "MUHAMMED"."OGRENCI_SINIF_LISTESI" ("OGRENCI_ID", "OGRENCI_AD", "OGRENCI_SOYAD", "YAS", "SINIF", "OGRETMEN_AD", "OGRETMEN_SOYAD", "AGE") AS 
  SELECT "STUDENT"."STD_ID" AS "OGRENCI_ID",
"STUDENT"."NAME" AS "OGRENCI_AD",
"STUDENT"."SURNAME" AS "OGRENCI_SOYAD",
"STUDENT"."AGE" AS "YAS",
"CLASS"."CLASS_NAME" AS "SINIF",
"TEACHER"."NAME" AS "OGRETMEN_AD",
"TEACHER"."SURNAME" AS "OGRETMEN_SOYAD",
"TEACHER"."AGE" AS "AGE"
FROM "STUDENT" "STUDENT" ,"CLASS" "CLASS","TEACHER" "TEACHER" WHERE "STUDENT"."CLASS_ID"="CLASS"."CLASS_ID" and  "CLASS"."TEACHER_ID"="TEACHER"."TEACHER_ID"
;
--------------------------------------------------------
--  DDL for View OGRETMEN_ILETISIM_LISTESI
--------------------------------------------------------

  CREATE OR REPLACE FORCE VIEW "MUHAMMED"."OGRETMEN_ILETISIM_LISTESI" ("TEACHER_ID", "TEACHER_AD", "TEACHER_SOYAD", "TEACHER_YAS", "SOKAK", "CADDE", "SEHIR", "TELEFON") AS 
  SELECT "TEACHER"."TEACHER_ID" AS "TEACHER_ID",
"TEACHER"."NAME" AS "TEACHER_AD",
"TEACHER"."SURNAME" AS "TEACHER_SOYAD",
"TEACHER"."AGE" AS "TEACHER_YAS",
"CONTACT"."STREET" AS "SOKAK",
"CONTACT"."VILLAGE" AS "CADDE",
"CONTACT"."CITY" AS "SEHIR",
"CONTACT"."TEL_NUMBER" AS "TELEFON"
FROM "TEACHER" "TEACHER" ,"CONTACT" "CONTACT" WHERE "TEACHER"."CONTACT_ID"="CONTACT"."CONTACT_ID"
;
--------------------------------------------------------
--  DDL for View VELI_ILETISIM_LISTESI
--------------------------------------------------------

  CREATE OR REPLACE FORCE VIEW "MUHAMMED"."VELI_ILETISIM_LISTESI" ("PARENT_ID", "NAME", "SURNAME", "STREET", "VILLAGE", "CITY", "TEL_NUMBER") AS 
  SELECT "PARENT"."PARENT_ID" AS "VELI_ID",
"PARENT"."NAME" AS "VELI_AD",
"PARENT"."SURNAME" AS "VELI_SOYAD",
"CONTACT"."STREET" AS "SOKAK",
"CONTACT"."VILLAGE" AS "CADDE",
"CONTACT"."CITY" AS "SEHIR",
"CONTACT"."TEL_NUMBER" AS "TELEFON"
FROM "PARENT" "PARENT" ,"CONTACT" "CONTACT" WHERE "PARENT"."CONTACT_ID"="CONTACT"."CONTACT_ID"
;
REM INSERTING into MUHAMMED.AA
SET DEFINE OFF;
Insert into MUHAMMED.AA (BB,CC) values ('2','33');
Insert into MUHAMMED.AA (BB,CC) values ('1','11');
Insert into MUHAMMED.AA (BB,CC) values ('3','44');
REM INSERTING into MUHAMMED.CLASS
SET DEFINE OFF;
Insert into MUHAMMED.CLASS (CLASS_ID,CLASS_NAME,SUBJECT_ID,TEACHER_ID,STUDENT_ID) values ('86','EBUBEKÝR','46','50','65');
Insert into MUHAMMED.CLASS (CLASS_ID,CLASS_NAME,SUBJECT_ID,TEACHER_ID,STUDENT_ID) values ('87','rr','46','81','65');
Insert into MUHAMMED.CLASS (CLASS_ID,CLASS_NAME,SUBJECT_ID,TEACHER_ID,STUDENT_ID) values ('52','sasda','46','50',null);
Insert into MUHAMMED.CLASS (CLASS_ID,CLASS_NAME,SUBJECT_ID,TEACHER_ID,STUDENT_ID) values ('89','3A','46','50','65');
REM INSERTING into MUHAMMED.CLASS2
SET DEFINE OFF;
Insert into MUHAMMED.CLASS2 (CLASS_ID,CLASS_NAME,SUBJECT_ID,TEACHER_ID,STUDENT_ID) values (null,'dasd','1','1','1');
REM INSERTING into MUHAMMED.CONTACT
SET DEFINE OFF;
Insert into MUHAMMED.CONTACT (CONTACT_ID,STREET,VILLAGE,CITY,TEL_NUMBER) values ('45','sasad','asdasd','asasd','23344');
Insert into MUHAMMED.CONTACT (CONTACT_ID,STREET,VILLAGE,CITY,TEL_NUMBER) values ('6','KAPLAN','BATIKENT','ANKARA','444');
Insert into MUHAMMED.CONTACT (CONTACT_ID,STREET,VILLAGE,CITY,TEL_NUMBER) values ('2270','rüzgar','at pazarý','kayseri','05383883838');
REM INSERTING into MUHAMMED.FATURA
SET DEFINE OFF;
Insert into MUHAMMED.FATURA (FATURA_NO,TARIH,TUTAR,OGRENCI) values ('9',to_date('18/05/2018','DD/MM/RRRR'),'544','2299');
Insert into MUHAMMED.FATURA (FATURA_NO,TARIH,TUTAR,OGRENCI) values ('10',to_date('18/05/2018','DD/MM/RRRR'),'544','2299');
Insert into MUHAMMED.FATURA (FATURA_NO,TARIH,TUTAR,OGRENCI) values ('2272',to_date('12/05/2018','DD/MM/RRRR'),'500','65');
REM INSERTING into MUHAMMED.K_USER
SET DEFINE OFF;
Insert into MUHAMMED.K_USER (USER_ID,USERNAME,PASSWORD,PRIVILIGESID) values ('13','mudur','mudur','mudur');
Insert into MUHAMMED.K_USER (USER_ID,USERNAME,PASSWORD,PRIVILIGESID) values ('14','MUHAMMED','MUHAMMED','admin');
Insert into MUHAMMED.K_USER (USER_ID,USERNAME,PASSWORD,PRIVILIGESID) values ('11','admin','admin','admin');
Insert into MUHAMMED.K_USER (USER_ID,USERNAME,PASSWORD,PRIVILIGESID) values ('2269','sado','sado','sado');
REM INSERTING into MUHAMMED.OGRENCIESKI
SET DEFINE OFF;
Insert into MUHAMMED.OGRENCIESKI (STD_ID,NAME,SURNAME,AGE,PARENT_ID,CLASS_ID,TARIH) values ('2299','Sadooo','jhk','44','7','86',to_date('18/05/2018','DD/MM/RRRR'));
Insert into MUHAMMED.OGRENCIESKI (STD_ID,NAME,SURNAME,AGE,PARENT_ID,CLASS_ID,TARIH) values ('2299','Sadooo','asdad','44','7','86',to_date('18/05/2018','DD/MM/RRRR'));
Insert into MUHAMMED.OGRENCIESKI (STD_ID,NAME,SURNAME,AGE,PARENT_ID,CLASS_ID,TARIH) values ('2245','ssad','aasd','21','7','52',to_date('14/05/2018','DD/MM/RRRR'));
Insert into MUHAMMED.OGRENCIESKI (STD_ID,NAME,SURNAME,AGE,PARENT_ID,CLASS_ID,TARIH) values ('2246','ssad','aasd','21','7','52',to_date('14/05/2018','DD/MM/RRRR'));
Insert into MUHAMMED.OGRENCIESKI (STD_ID,NAME,SURNAME,AGE,PARENT_ID,CLASS_ID,TARIH) values ('2247','ssad','aasd','21','7','52',to_date('14/05/2018','DD/MM/RRRR'));
Insert into MUHAMMED.OGRENCIESKI (STD_ID,NAME,SURNAME,AGE,PARENT_ID,CLASS_ID,TARIH) values ('2248','ssad','aasd','21','7','52',to_date('14/05/2018','DD/MM/RRRR'));
Insert into MUHAMMED.OGRENCIESKI (STD_ID,NAME,SURNAME,AGE,PARENT_ID,CLASS_ID,TARIH) values ('2249','ssad','aasd','21','7','52',to_date('14/05/2018','DD/MM/RRRR'));
Insert into MUHAMMED.OGRENCIESKI (STD_ID,NAME,SURNAME,AGE,PARENT_ID,CLASS_ID,TARIH) values ('2250','ssad','aasd','21','7','52',to_date('14/05/2018','DD/MM/RRRR'));
Insert into MUHAMMED.OGRENCIESKI (STD_ID,NAME,SURNAME,AGE,PARENT_ID,CLASS_ID,TARIH) values ('2245','ssad','aasd','21','7','86',to_date('14/05/2018','DD/MM/RRRR'));
Insert into MUHAMMED.OGRENCIESKI (STD_ID,NAME,SURNAME,AGE,PARENT_ID,CLASS_ID,TARIH) values ('2246','ssad','aasd','21','7','86',to_date('14/05/2018','DD/MM/RRRR'));
Insert into MUHAMMED.OGRENCIESKI (STD_ID,NAME,SURNAME,AGE,PARENT_ID,CLASS_ID,TARIH) values ('2247','ssad','aasd','21','7','86',to_date('14/05/2018','DD/MM/RRRR'));
Insert into MUHAMMED.OGRENCIESKI (STD_ID,NAME,SURNAME,AGE,PARENT_ID,CLASS_ID,TARIH) values ('2248','ssad','aasd','21','7','86',to_date('14/05/2018','DD/MM/RRRR'));
Insert into MUHAMMED.OGRENCIESKI (STD_ID,NAME,SURNAME,AGE,PARENT_ID,CLASS_ID,TARIH) values ('2249','ssad','aasd','21','7','86',to_date('14/05/2018','DD/MM/RRRR'));
Insert into MUHAMMED.OGRENCIESKI (STD_ID,NAME,SURNAME,AGE,PARENT_ID,CLASS_ID,TARIH) values ('2250','ssad','aasd','21','7','86',to_date('14/05/2018','DD/MM/RRRR'));
Insert into MUHAMMED.OGRENCIESKI (STD_ID,NAME,SURNAME,AGE,PARENT_ID,CLASS_ID,TARIH) values ('2251','ssad','aasd','21','7','52',to_date('14/05/2018','DD/MM/RRRR'));
Insert into MUHAMMED.OGRENCIESKI (STD_ID,NAME,SURNAME,AGE,PARENT_ID,CLASS_ID,TARIH) values ('2252','ssad','aasd','21','7','52',to_date('14/05/2018','DD/MM/RRRR'));
Insert into MUHAMMED.OGRENCIESKI (STD_ID,NAME,SURNAME,AGE,PARENT_ID,CLASS_ID,TARIH) values ('2253','ssad','aasd','21','7','52',to_date('14/05/2018','DD/MM/RRRR'));
Insert into MUHAMMED.OGRENCIESKI (STD_ID,NAME,SURNAME,AGE,PARENT_ID,CLASS_ID,TARIH) values ('2254','ssad','aasd','21','7','52',to_date('14/05/2018','DD/MM/RRRR'));
Insert into MUHAMMED.OGRENCIESKI (STD_ID,NAME,SURNAME,AGE,PARENT_ID,CLASS_ID,TARIH) values ('2255','ssad','aasd','21','7','52',to_date('14/05/2018','DD/MM/RRRR'));
Insert into MUHAMMED.OGRENCIESKI (STD_ID,NAME,SURNAME,AGE,PARENT_ID,CLASS_ID,TARIH) values ('2256','ssad','aasd','21','7','52',to_date('14/05/2018','DD/MM/RRRR'));
Insert into MUHAMMED.OGRENCIESKI (STD_ID,NAME,SURNAME,AGE,PARENT_ID,CLASS_ID,TARIH) values ('2257','sado','zzz','33','7','52',to_date('14/05/2018','DD/MM/RRRR'));
Insert into MUHAMMED.OGRENCIESKI (STD_ID,NAME,SURNAME,AGE,PARENT_ID,CLASS_ID,TARIH) values ('2258','sado','zzz','33','7','52',to_date('14/05/2018','DD/MM/RRRR'));
Insert into MUHAMMED.OGRENCIESKI (STD_ID,NAME,SURNAME,AGE,PARENT_ID,CLASS_ID,TARIH) values ('2259','MUHAMMEDcan','hhhh','77','7','52',to_date('14/05/2018','DD/MM/RRRR'));
Insert into MUHAMMED.OGRENCIESKI (STD_ID,NAME,SURNAME,AGE,PARENT_ID,CLASS_ID,TARIH) values ('2260','muhammmmmmwd','fffff','55','7','52',to_date('14/05/2018','DD/MM/RRRR'));
Insert into MUHAMMED.OGRENCIESKI (STD_ID,NAME,SURNAME,AGE,PARENT_ID,CLASS_ID,TARIH) values ('2244','sado','zzz','33','7','52',to_date('14/05/2018','DD/MM/RRRR'));
Insert into MUHAMMED.OGRENCIESKI (STD_ID,NAME,SURNAME,AGE,PARENT_ID,CLASS_ID,TARIH) values ('64','ssad','aasd','21','7','52',to_date('14/05/2018','DD/MM/RRRR'));
Insert into MUHAMMED.OGRENCIESKI (STD_ID,NAME,SURNAME,AGE,PARENT_ID,CLASS_ID,TARIH) values ('65','Sadooo','jhk','44','7','52',to_date('14/05/2018','DD/MM/RRRR'));
Insert into MUHAMMED.OGRENCIESKI (STD_ID,NAME,SURNAME,AGE,PARENT_ID,CLASS_ID,TARIH) values ('2281','ssad','aasd','21','7','52',to_date('14/05/2018','DD/MM/RRRR'));
Insert into MUHAMMED.OGRENCIESKI (STD_ID,NAME,SURNAME,AGE,PARENT_ID,CLASS_ID,TARIH) values ('2282','ssad','aasd','21','7','52',to_date('14/05/2018','DD/MM/RRRR'));
Insert into MUHAMMED.OGRENCIESKI (STD_ID,NAME,SURNAME,AGE,PARENT_ID,CLASS_ID,TARIH) values ('2283','ssad','aasd','21','7','52',to_date('14/05/2018','DD/MM/RRRR'));
Insert into MUHAMMED.OGRENCIESKI (STD_ID,NAME,SURNAME,AGE,PARENT_ID,CLASS_ID,TARIH) values ('2284','ssad','aasd','21','7','52',to_date('14/05/2018','DD/MM/RRRR'));
Insert into MUHAMMED.OGRENCIESKI (STD_ID,NAME,SURNAME,AGE,PARENT_ID,CLASS_ID,TARIH) values ('2285','ssad','aasd','21','7','52',to_date('14/05/2018','DD/MM/RRRR'));
Insert into MUHAMMED.OGRENCIESKI (STD_ID,NAME,SURNAME,AGE,PARENT_ID,CLASS_ID,TARIH) values ('2286','ssad','aasd','21','7','52',to_date('14/05/2018','DD/MM/RRRR'));
Insert into MUHAMMED.OGRENCIESKI (STD_ID,NAME,SURNAME,AGE,PARENT_ID,CLASS_ID,TARIH) values ('2287','ssad','aasd','21','7','52',to_date('14/05/2018','DD/MM/RRRR'));
Insert into MUHAMMED.OGRENCIESKI (STD_ID,NAME,SURNAME,AGE,PARENT_ID,CLASS_ID,TARIH) values ('2288','ssad','aasd','21','7','52',to_date('14/05/2018','DD/MM/RRRR'));
Insert into MUHAMMED.OGRENCIESKI (STD_ID,NAME,SURNAME,AGE,PARENT_ID,CLASS_ID,TARIH) values ('2289','ssad','aasd','21','7','52',to_date('14/05/2018','DD/MM/RRRR'));
Insert into MUHAMMED.OGRENCIESKI (STD_ID,NAME,SURNAME,AGE,PARENT_ID,CLASS_ID,TARIH) values ('2290','ssad','aasd','21','7','52',to_date('14/05/2018','DD/MM/RRRR'));
Insert into MUHAMMED.OGRENCIESKI (STD_ID,NAME,SURNAME,AGE,PARENT_ID,CLASS_ID,TARIH) values ('2291','ssad','aasd','21','7','52',to_date('14/05/2018','DD/MM/RRRR'));
Insert into MUHAMMED.OGRENCIESKI (STD_ID,NAME,SURNAME,AGE,PARENT_ID,CLASS_ID,TARIH) values ('2292','ssad','aasd','21','7','52',to_date('14/05/2018','DD/MM/RRRR'));
Insert into MUHAMMED.OGRENCIESKI (STD_ID,NAME,SURNAME,AGE,PARENT_ID,CLASS_ID,TARIH) values ('2293','sado','zzz','33','7','52',to_date('14/05/2018','DD/MM/RRRR'));
Insert into MUHAMMED.OGRENCIESKI (STD_ID,NAME,SURNAME,AGE,PARENT_ID,CLASS_ID,TARIH) values ('2294','sado','zzz','33','7','52',to_date('14/05/2018','DD/MM/RRRR'));
Insert into MUHAMMED.OGRENCIESKI (STD_ID,NAME,SURNAME,AGE,PARENT_ID,CLASS_ID,TARIH) values ('2295','MUHAMMEDcan','hhhh','77','7','52',to_date('14/05/2018','DD/MM/RRRR'));
Insert into MUHAMMED.OGRENCIESKI (STD_ID,NAME,SURNAME,AGE,PARENT_ID,CLASS_ID,TARIH) values ('2296','muhammmmmmwd','fffff','55','7','52',to_date('14/05/2018','DD/MM/RRRR'));
Insert into MUHAMMED.OGRENCIESKI (STD_ID,NAME,SURNAME,AGE,PARENT_ID,CLASS_ID,TARIH) values ('2297','sado','zzz','33','7','52',to_date('14/05/2018','DD/MM/RRRR'));
Insert into MUHAMMED.OGRENCIESKI (STD_ID,NAME,SURNAME,AGE,PARENT_ID,CLASS_ID,TARIH) values ('2298','ssad','aasd','21','7','52',to_date('14/05/2018','DD/MM/RRRR'));
Insert into MUHAMMED.OGRENCIESKI (STD_ID,NAME,SURNAME,AGE,PARENT_ID,CLASS_ID,TARIH) values ('2299','Sadooo','jhk','44','7','52',to_date('14/05/2018','DD/MM/RRRR'));
Insert into MUHAMMED.OGRENCIESKI (STD_ID,NAME,SURNAME,AGE,PARENT_ID,CLASS_ID,TARIH) values ('65','khj','jhk','44','7','52',to_date('12/05/2018','DD/MM/RRRR'));
REM INSERTING into MUHAMMED.PARENT
SET DEFINE OFF;
Insert into MUHAMMED.PARENT (PARENT_ID,NAME,SURNAME,CONTACT_ID) values ('7','MUHAMMED','GÖÇER','6');
Insert into MUHAMMED.PARENT (PARENT_ID,NAME,SURNAME,CONTACT_ID) values ('8','MUHAMMED','DURMUÞ','6');
Insert into MUHAMMED.PARENT (PARENT_ID,NAME,SURNAME,CONTACT_ID) values ('2271','sado','sado','2270');
REM INSERTING into MUHAMMED.PAYMENT
SET DEFINE OFF;
Insert into MUHAMMED.PAYMENT (PAYMENT_ID,STUDENT_ID,AMOUNT,FROMDATE) values ('8','2299','544','18.05.2018');
Insert into MUHAMMED.PAYMENT (PAYMENT_ID,STUDENT_ID,AMOUNT,FROMDATE) values ('110','64','500',null);
Insert into MUHAMMED.PAYMENT (PAYMENT_ID,STUDENT_ID,AMOUNT,FROMDATE) values ('111','64','200','2.05.2018');
Insert into MUHAMMED.PAYMENT (PAYMENT_ID,STUDENT_ID,AMOUNT,FROMDATE) values ('108','64','100','2.05.2018');
Insert into MUHAMMED.PAYMENT (PAYMENT_ID,STUDENT_ID,AMOUNT,FROMDATE) values ('109','64','400','2.05.2018');
REM INSERTING into MUHAMMED.PRIVILIGES
SET DEFINE OFF;
Insert into MUHAMMED.PRIVILIGES (ID,PRIVILIGES_NAME) values ('1','SELECT');
Insert into MUHAMMED.PRIVILIGES (ID,PRIVILIGES_NAME) values ('2','INSERT');
Insert into MUHAMMED.PRIVILIGES (ID,PRIVILIGES_NAME) values ('3','UPDATE');
Insert into MUHAMMED.PRIVILIGES (ID,PRIVILIGES_NAME) values ('4','DELETE');
REM INSERTING into MUHAMMED.SA
SET DEFINE OFF;
REM INSERTING into MUHAMMED.SILINMISOGRENCIKAYITLARI
SET DEFINE OFF;
Insert into MUHAMMED.SILINMISOGRENCIKAYITLARI (STD_ID,NAME,SURNAME,AGE,PARENT_ID,CLASS_ID,TARIH) values ('4','SAD','ASD','33','7','86',to_date('18/05/2018','DD/MM/RRRR'));
REM INSERTING into MUHAMMED.STUDENT
SET DEFINE OFF;
Insert into MUHAMMED.STUDENT (STD_ID,NAME,SURNAME,AGE,PARENT_ID,CLASS_ID) values ('2245','ssad','aasd','21','7','86');
Insert into MUHAMMED.STUDENT (STD_ID,NAME,SURNAME,AGE,PARENT_ID,CLASS_ID) values ('2246','ssad','aasd','21','7','86');
Insert into MUHAMMED.STUDENT (STD_ID,NAME,SURNAME,AGE,PARENT_ID,CLASS_ID) values ('2247','ssad','aasd','21','7','86');
Insert into MUHAMMED.STUDENT (STD_ID,NAME,SURNAME,AGE,PARENT_ID,CLASS_ID) values ('2248','ssad','aasd','21','7','86');
Insert into MUHAMMED.STUDENT (STD_ID,NAME,SURNAME,AGE,PARENT_ID,CLASS_ID) values ('2249','ssad','aasd','21','7','86');
Insert into MUHAMMED.STUDENT (STD_ID,NAME,SURNAME,AGE,PARENT_ID,CLASS_ID) values ('2250','ssad','aasd','21','7','86');
Insert into MUHAMMED.STUDENT (STD_ID,NAME,SURNAME,AGE,PARENT_ID,CLASS_ID) values ('2251','ssad','aasd','21','7','86');
Insert into MUHAMMED.STUDENT (STD_ID,NAME,SURNAME,AGE,PARENT_ID,CLASS_ID) values ('2252','ssad','aasd','21','7','86');
Insert into MUHAMMED.STUDENT (STD_ID,NAME,SURNAME,AGE,PARENT_ID,CLASS_ID) values ('2253','ssad','aasd','21','7','86');
Insert into MUHAMMED.STUDENT (STD_ID,NAME,SURNAME,AGE,PARENT_ID,CLASS_ID) values ('2254','ssad','aasd','21','7','86');
Insert into MUHAMMED.STUDENT (STD_ID,NAME,SURNAME,AGE,PARENT_ID,CLASS_ID) values ('2255','ssad','aasd','21','7','86');
Insert into MUHAMMED.STUDENT (STD_ID,NAME,SURNAME,AGE,PARENT_ID,CLASS_ID) values ('2256','ssad','aasd','21','7','86');
Insert into MUHAMMED.STUDENT (STD_ID,NAME,SURNAME,AGE,PARENT_ID,CLASS_ID) values ('2257','sado','zzz','33','7','86');
Insert into MUHAMMED.STUDENT (STD_ID,NAME,SURNAME,AGE,PARENT_ID,CLASS_ID) values ('2258','sado','zzz','33','7','86');
Insert into MUHAMMED.STUDENT (STD_ID,NAME,SURNAME,AGE,PARENT_ID,CLASS_ID) values ('2259','MUHAMMEDcan','hhhh','77','7','86');
Insert into MUHAMMED.STUDENT (STD_ID,NAME,SURNAME,AGE,PARENT_ID,CLASS_ID) values ('2260','muhammmmmmwd','fffff','55','7','86');
Insert into MUHAMMED.STUDENT (STD_ID,NAME,SURNAME,AGE,PARENT_ID,CLASS_ID) values ('2244','sado','zzz','33','7','86');
Insert into MUHAMMED.STUDENT (STD_ID,NAME,SURNAME,AGE,PARENT_ID,CLASS_ID) values ('64','ssad','aasd','21','7','86');
Insert into MUHAMMED.STUDENT (STD_ID,NAME,SURNAME,AGE,PARENT_ID,CLASS_ID) values ('65','Sadooo','jhk','44','7','86');
Insert into MUHAMMED.STUDENT (STD_ID,NAME,SURNAME,AGE,PARENT_ID,CLASS_ID) values ('2281','ssad','aasd','21','7','86');
Insert into MUHAMMED.STUDENT (STD_ID,NAME,SURNAME,AGE,PARENT_ID,CLASS_ID) values ('2282','ssad','aasd','21','7','86');
Insert into MUHAMMED.STUDENT (STD_ID,NAME,SURNAME,AGE,PARENT_ID,CLASS_ID) values ('2283','ssad','aasd','21','7','86');
Insert into MUHAMMED.STUDENT (STD_ID,NAME,SURNAME,AGE,PARENT_ID,CLASS_ID) values ('2284','ssad','aasd','21','7','86');
Insert into MUHAMMED.STUDENT (STD_ID,NAME,SURNAME,AGE,PARENT_ID,CLASS_ID) values ('2285','ssad','aasd','21','7','86');
Insert into MUHAMMED.STUDENT (STD_ID,NAME,SURNAME,AGE,PARENT_ID,CLASS_ID) values ('2286','ssad','aasd','21','7','86');
Insert into MUHAMMED.STUDENT (STD_ID,NAME,SURNAME,AGE,PARENT_ID,CLASS_ID) values ('2287','ssad','aasd','21','7','86');
Insert into MUHAMMED.STUDENT (STD_ID,NAME,SURNAME,AGE,PARENT_ID,CLASS_ID) values ('2288','ssad','aasd','21','7','86');
Insert into MUHAMMED.STUDENT (STD_ID,NAME,SURNAME,AGE,PARENT_ID,CLASS_ID) values ('2289','ssad','aasd','21','7','86');
Insert into MUHAMMED.STUDENT (STD_ID,NAME,SURNAME,AGE,PARENT_ID,CLASS_ID) values ('2290','ssad','aasd','21','7','86');
Insert into MUHAMMED.STUDENT (STD_ID,NAME,SURNAME,AGE,PARENT_ID,CLASS_ID) values ('2291','ssad','aasd','21','7','86');
Insert into MUHAMMED.STUDENT (STD_ID,NAME,SURNAME,AGE,PARENT_ID,CLASS_ID) values ('2292','ssad','aasd','21','7','86');
Insert into MUHAMMED.STUDENT (STD_ID,NAME,SURNAME,AGE,PARENT_ID,CLASS_ID) values ('2293','sado','zzz','33','7','86');
Insert into MUHAMMED.STUDENT (STD_ID,NAME,SURNAME,AGE,PARENT_ID,CLASS_ID) values ('2294','sado','zzz','33','7','86');
Insert into MUHAMMED.STUDENT (STD_ID,NAME,SURNAME,AGE,PARENT_ID,CLASS_ID) values ('2295','MUHAMMEDcan','hhhh','77','7','86');
Insert into MUHAMMED.STUDENT (STD_ID,NAME,SURNAME,AGE,PARENT_ID,CLASS_ID) values ('2296','muhammmmmmwd','fffff','55','7','86');
Insert into MUHAMMED.STUDENT (STD_ID,NAME,SURNAME,AGE,PARENT_ID,CLASS_ID) values ('2297','sado','zzz','33','7','86');
Insert into MUHAMMED.STUDENT (STD_ID,NAME,SURNAME,AGE,PARENT_ID,CLASS_ID) values ('2298','ssad','aasd','21','7','86');
Insert into MUHAMMED.STUDENT (STD_ID,NAME,SURNAME,AGE,PARENT_ID,CLASS_ID) values ('2299','Sadooo','asdad','44','7','86');
REM INSERTING into MUHAMMED.SUBJECT
SET DEFINE OFF;
Insert into MUHAMMED.SUBJECT (SUBJECT_ID,SUBJECT_NAME) values ('46','sadsad');
REM INSERTING into MUHAMMED.TABLE1
SET DEFINE OFF;
REM INSERTING into MUHAMMED.TEACHER
SET DEFINE OFF;
Insert into MUHAMMED.TEACHER (TEACHER_ID,NAME,SURNAME,AGE,CONTACT_ID) values ('7','asd','sd','23','2270');
Insert into MUHAMMED.TEACHER (TEACHER_ID,NAME,SURNAME,AGE,CONTACT_ID) values ('81','ghfds','dfsa','er',null);
Insert into MUHAMMED.TEACHER (TEACHER_ID,NAME,SURNAME,AGE,CONTACT_ID) values ('50','asdasd','asdasd','asdasd','6');
REM INSERTING into MUHAMMED.USER_PRIVILIGES
SET DEFINE OFF;
Insert into MUHAMMED.USER_PRIVILIGES (USER_ID,PRIVILIGES_ID) values ('2269','4');
Insert into MUHAMMED.USER_PRIVILIGES (USER_ID,PRIVILIGES_ID) values ('2269','3');
Insert into MUHAMMED.USER_PRIVILIGES (USER_ID,PRIVILIGES_ID) values ('2269','3');
Insert into MUHAMMED.USER_PRIVILIGES (USER_ID,PRIVILIGES_ID) values ('11','1');
Insert into MUHAMMED.USER_PRIVILIGES (USER_ID,PRIVILIGES_ID) values ('11','2');
Insert into MUHAMMED.USER_PRIVILIGES (USER_ID,PRIVILIGES_ID) values ('11','3');
Insert into MUHAMMED.USER_PRIVILIGES (USER_ID,PRIVILIGES_ID) values ('11','4');
Insert into MUHAMMED.USER_PRIVILIGES (USER_ID,PRIVILIGES_ID) values ('2269','2');
Insert into MUHAMMED.USER_PRIVILIGES (USER_ID,PRIVILIGES_ID) values ('2269','4');
--------------------------------------------------------
--  DDL for Index CONTACT_PK
--------------------------------------------------------

  CREATE UNIQUE INDEX "MUHAMMED"."CONTACT_PK" ON "MUHAMMED"."CONTACT" ("CONTACT_ID") 
  PCTFREE 10 INITRANS 2 MAXTRANS 255 COMPUTE STATISTICS 
  STORAGE(INITIAL 65536 NEXT 1048576 MINEXTENTS 1 MAXEXTENTS 2147483645
  PCTINCREASE 0 FREELISTS 1 FREELIST GROUPS 1 BUFFER_POOL DEFAULT FLASH_CACHE DEFAULT CELL_FLASH_CACHE DEFAULT)
  TABLESPACE "USERS" ;
--------------------------------------------------------
--  DDL for Index TEACHER_PK
--------------------------------------------------------

  CREATE UNIQUE INDEX "MUHAMMED"."TEACHER_PK" ON "MUHAMMED"."TEACHER" ("TEACHER_ID") 
  PCTFREE 10 INITRANS 2 MAXTRANS 255 COMPUTE STATISTICS 
  STORAGE(INITIAL 65536 NEXT 1048576 MINEXTENTS 1 MAXEXTENTS 2147483645
  PCTINCREASE 0 FREELISTS 1 FREELIST GROUPS 1 BUFFER_POOL DEFAULT FLASH_CACHE DEFAULT CELL_FLASH_CACHE DEFAULT)
  TABLESPACE "USERS" ;
--------------------------------------------------------
--  DDL for Index AA_PK
--------------------------------------------------------

  CREATE UNIQUE INDEX "MUHAMMED"."AA_PK" ON "MUHAMMED"."AA" ("BB") 
  PCTFREE 10 INITRANS 2 MAXTRANS 255 
  STORAGE(INITIAL 65536 NEXT 1048576 MINEXTENTS 1 MAXEXTENTS 2147483645
  PCTINCREASE 0 FREELISTS 1 FREELIST GROUPS 1 BUFFER_POOL DEFAULT FLASH_CACHE DEFAULT CELL_FLASH_CACHE DEFAULT)
  TABLESPACE "USERS" ;
--------------------------------------------------------
--  DDL for Index CLASS_PK
--------------------------------------------------------

  CREATE UNIQUE INDEX "MUHAMMED"."CLASS_PK" ON "MUHAMMED"."CLASS" ("CLASS_ID") 
  PCTFREE 10 INITRANS 2 MAXTRANS 255 COMPUTE STATISTICS 
  STORAGE(INITIAL 65536 NEXT 1048576 MINEXTENTS 1 MAXEXTENTS 2147483645
  PCTINCREASE 0 FREELISTS 1 FREELIST GROUPS 1 BUFFER_POOL DEFAULT FLASH_CACHE DEFAULT CELL_FLASH_CACHE DEFAULT)
  TABLESPACE "USERS" ;
--------------------------------------------------------
--  DDL for Index PAYMENT_PK
--------------------------------------------------------

  CREATE UNIQUE INDEX "MUHAMMED"."PAYMENT_PK" ON "MUHAMMED"."PAYMENT" ("PAYMENT_ID") 
  PCTFREE 10 INITRANS 2 MAXTRANS 255 COMPUTE STATISTICS 
  STORAGE(INITIAL 65536 NEXT 1048576 MINEXTENTS 1 MAXEXTENTS 2147483645
  PCTINCREASE 0 FREELISTS 1 FREELIST GROUPS 1 BUFFER_POOL DEFAULT FLASH_CACHE DEFAULT CELL_FLASH_CACHE DEFAULT)
  TABLESPACE "USERS" ;
--------------------------------------------------------
--  DDL for Index STUDENT_PK
--------------------------------------------------------

  CREATE UNIQUE INDEX "MUHAMMED"."STUDENT_PK" ON "MUHAMMED"."STUDENT" ("STD_ID") 
  PCTFREE 10 INITRANS 2 MAXTRANS 255 COMPUTE STATISTICS 
  STORAGE(INITIAL 65536 NEXT 1048576 MINEXTENTS 1 MAXEXTENTS 2147483645
  PCTINCREASE 0 FREELISTS 1 FREELIST GROUPS 1 BUFFER_POOL DEFAULT FLASH_CACHE DEFAULT CELL_FLASH_CACHE DEFAULT)
  TABLESPACE "USERS" ;
--------------------------------------------------------
--  DDL for Index PARENT_PK
--------------------------------------------------------

  CREATE UNIQUE INDEX "MUHAMMED"."PARENT_PK" ON "MUHAMMED"."PARENT" ("PARENT_ID") 
  PCTFREE 10 INITRANS 2 MAXTRANS 255 COMPUTE STATISTICS 
  STORAGE(INITIAL 65536 NEXT 1048576 MINEXTENTS 1 MAXEXTENTS 2147483645
  PCTINCREASE 0 FREELISTS 1 FREELIST GROUPS 1 BUFFER_POOL DEFAULT FLASH_CACHE DEFAULT CELL_FLASH_CACHE DEFAULT)
  TABLESPACE "USERS" ;
--------------------------------------------------------
--  DDL for Index PRIVILIGES_PK
--------------------------------------------------------

  CREATE UNIQUE INDEX "MUHAMMED"."PRIVILIGES_PK" ON "MUHAMMED"."PRIVILIGES" ("ID") 
  PCTFREE 10 INITRANS 2 MAXTRANS 255 COMPUTE STATISTICS 
  STORAGE(INITIAL 65536 NEXT 1048576 MINEXTENTS 1 MAXEXTENTS 2147483645
  PCTINCREASE 0 FREELISTS 1 FREELIST GROUPS 1 BUFFER_POOL DEFAULT FLASH_CACHE DEFAULT CELL_FLASH_CACHE DEFAULT)
  TABLESPACE "USERS" ;
--------------------------------------------------------
--  DDL for Index SUBJECT_PK
--------------------------------------------------------

  CREATE UNIQUE INDEX "MUHAMMED"."SUBJECT_PK" ON "MUHAMMED"."SUBJECT" ("SUBJECT_ID") 
  PCTFREE 10 INITRANS 2 MAXTRANS 255 COMPUTE STATISTICS 
  STORAGE(INITIAL 65536 NEXT 1048576 MINEXTENTS 1 MAXEXTENTS 2147483645
  PCTINCREASE 0 FREELISTS 1 FREELIST GROUPS 1 BUFFER_POOL DEFAULT FLASH_CACHE DEFAULT CELL_FLASH_CACHE DEFAULT)
  TABLESPACE "USERS" ;
--------------------------------------------------------
--  DDL for Trigger BI_AA
--------------------------------------------------------

  CREATE OR REPLACE TRIGGER "MUHAMMED"."BI_AA" 
  before insert on "AA"               
  for each row  
begin   
  if :NEW."BB" is null then 
    select "SEQUENCE1".nextval into :NEW."BB" from dual; 
  end if; 
end; 

/
ALTER TRIGGER "MUHAMMED"."BI_AA" ENABLE;
--------------------------------------------------------
--  DDL for Trigger class_id
--------------------------------------------------------

  CREATE OR REPLACE TRIGGER "MUHAMMED"."class_id" 
  before insert on "CLASS"               
  for each row  
begin   
  if :NEW."CLASS_ID" is null then 
    select "SEQUENCE1".nextval into :NEW."CLASS_ID" from dual; 
  end if; 
end; 
/
ALTER TRIGGER "MUHAMMED"."class_id" ENABLE;
--------------------------------------------------------
--  DDL for Trigger CONTACT_id
--------------------------------------------------------

  CREATE OR REPLACE TRIGGER "MUHAMMED"."CONTACT_id" 
  before insert on "CONTACT"               
  for each row  
begin   
  if :NEW."CONTACT_ID" is null then 
    select "SEQUENCE1".nextval into :NEW."CONTACT_ID" from dual; 
  end if; 
end; 
/
ALTER TRIGGER "MUHAMMED"."CONTACT_id" ENABLE;
--------------------------------------------------------
--  DDL for Trigger fatura_id
--------------------------------------------------------

  CREATE OR REPLACE TRIGGER "MUHAMMED"."fatura_id" 
  before insert on "FATURA"               
  for each row  
begin   
  if :NEW."FATURA_NO" is null then 
    select "SEQUENCE1".nextval into :NEW."FATURA_NO" from dual; 
  end if; 
end; 
/
ALTER TRIGGER "MUHAMMED"."fatura_id" ENABLE;
--------------------------------------------------------
--  DDL for Trigger FATURA_OLUSTUR
--------------------------------------------------------

  CREATE OR REPLACE TRIGGER "MUHAMMED"."FATURA_OLUSTUR" 
AFTER INSERT
   ON PAYMENT
   FOR EACH ROW
BEGIN

   INSERT INTO FATURA
   (
     TARIH,
     TUTAR,
     OGRENCI
     )
   VALUES
   ( 
     SYSDATE,
     :new.AMOUNT,
     :new.STUDENT_ID
    );
    END;
/
ALTER TRIGGER "MUHAMMED"."FATURA_OLUSTUR" ENABLE;
--------------------------------------------------------
--  DDL for Trigger k_USER_id
--------------------------------------------------------

  CREATE OR REPLACE TRIGGER "MUHAMMED"."k_USER_id" 
  before insert on "K_USER"               
  for each row  
begin   
  if :NEW."USER_ID" is null then 
    select "SEQUENCE1".nextval into :NEW."USER_ID" from dual; 
  end if; 
end; 
/
ALTER TRIGGER "MUHAMMED"."k_USER_id" ENABLE;
--------------------------------------------------------
--  DDL for Trigger parent_id
--------------------------------------------------------

  CREATE OR REPLACE TRIGGER "MUHAMMED"."parent_id" 
  before insert on "PARENT"               
  for each row  
begin   
  if :NEW."PARENT_ID" is null then 
    select "SEQUENCE1".nextval into :NEW."PARENT_ID" from dual; 
  end if; 
end; 
/
ALTER TRIGGER "MUHAMMED"."parent_id" ENABLE;
--------------------------------------------------------
--  DDL for Trigger pAYNEMT_id
--------------------------------------------------------

  CREATE OR REPLACE TRIGGER "MUHAMMED"."pAYNEMT_id" 
  before insert on "PAYMENT"               
  for each row  
begin   
  if :NEW."PAYMENT_ID" is null then 
    select "SEQUENCE1".nextval into :NEW."PAYMENT_ID" from dual; 
  end if; 
end; 
/
ALTER TRIGGER "MUHAMMED"."pAYNEMT_id" ENABLE;
--------------------------------------------------------
--  DDL for Trigger STD_id
--------------------------------------------------------

  CREATE OR REPLACE TRIGGER "MUHAMMED"."STD_id" 
  before insert on "STUDENT"               
  for each row  
begin   
  if :NEW."STD_ID" is null then 
    select "SEQUENCE1".nextval into :NEW."STD_ID" from dual; 
  end if; 
end; 
/
ALTER TRIGGER "MUHAMMED"."STD_id" ENABLE;
--------------------------------------------------------
--  DDL for Trigger STUDENT_AFTER_DELETE
--------------------------------------------------------

  CREATE OR REPLACE TRIGGER "MUHAMMED"."STUDENT_AFTER_DELETE" 
AFTER DELETE
   ON STUDENT
   FOR EACH ROW


BEGIN

 
   -- Insert record into audit table
   INSERT INTO SILINMISOGRENCIKAYITLARI
   ( STD_ID,
     NAME,
     SURNAME,
     AGE,
     PARENT_ID,
     CLASS_ID,
     TARIH)
   VALUES
   ( :old.STD_ID,
     :old.NAME,
     :old.SURNAME,
     :old.AGE,
     :old.PARENT_ID,
     :old.CLASS_ID,
     SYSDATE 
     );
     END;
/
ALTER TRIGGER "MUHAMMED"."STUDENT_AFTER_DELETE" ENABLE;
--------------------------------------------------------
--  DDL for Trigger STUDENT_AFTER_UPDATE
--------------------------------------------------------

  CREATE OR REPLACE TRIGGER "MUHAMMED"."STUDENT_AFTER_UPDATE" 
AFTER UPDATE
   ON STUDENT
   FOR EACH ROW

BEGIN
   INSERT INTO OGRENCIESKI
   ( STD_ID,
     NAME,
     SURNAME,
     AGE,
     PARENT_ID,
     CLASS_ID,
     TARIH)
   VALUES
   ( :old.STD_ID,
     :old.NAME,
     :old.SURNAME,
     :old.AGE,
     :old.PARENT_ID,
     :old.CLASS_ID,
     SYSDATE 
     );
     END;
/
ALTER TRIGGER "MUHAMMED"."STUDENT_AFTER_UPDATE" ENABLE;
--------------------------------------------------------
--  DDL for Trigger SUBJECT_id
--------------------------------------------------------

  CREATE OR REPLACE TRIGGER "MUHAMMED"."SUBJECT_id" 
  before insert on "SUBJECT"               
  for each row  
begin   
  if :NEW."SUBJECT_ID" is null then 
    select "SEQUENCE1".nextval into :NEW."SUBJECT_ID" from dual; 
  end if; 
end; 
/
ALTER TRIGGER "MUHAMMED"."SUBJECT_id" ENABLE;
--------------------------------------------------------
--  DDL for Trigger TEACHER_ID
--------------------------------------------------------

  CREATE OR REPLACE TRIGGER "MUHAMMED"."TEACHER_ID" 
  before insert on "TEACHER"               
  for each row  
begin   
  if :NEW."TEACHER_ID" is null then 
    select "SEQUENCE1".nextval into :NEW."TEACHER_ID" from dual; 
  end if; 
end; 
/
ALTER TRIGGER "MUHAMMED"."TEACHER_ID" ENABLE;
--------------------------------------------------------
--  DDL for Procedure OGRENCI_GUNCELLE
--------------------------------------------------------
set define off;

  CREATE OR REPLACE PROCEDURE "MUHAMMED"."OGRENCI_GUNCELLE" (
stdId Number,
isim VARCHAR2,
soyisim VARCHAR2,
yas varchar2,
veliId number,
sinifId number)
AS
BEGIN
    UPDATE STUDENT SET  NAME=isim, SURNAME=soyisim, AGE=YAS, PARENT_ID=veliId, CLASS_ID=sinifId WHERE STD_ID=stdId;
END;

/
--------------------------------------------------------
--  DDL for Procedure OGRENCI_KAYIT
--------------------------------------------------------
set define off;

  CREATE OR REPLACE PROCEDURE "MUHAMMED"."OGRENCI_KAYIT" (
stdId Number,
isim VARCHAR2,
soyisim VARCHAR2,
yas varchar2,
veliId number,
sinifId number)
AS
BEGIN
    INSERT INTO STUDENT(STD_ID,NAME,SURNAME,AGE,PARENT_ID,CLASS_ID) values (stdId,isim,soyisim,yas,veliId,sinifId);
END;

/
--------------------------------------------------------
--  DDL for Procedure OGRENCI_LISTELE
--------------------------------------------------------
set define off;

  CREATE OR REPLACE PROCEDURE "MUHAMMED"."OGRENCI_LISTELE" IS
  v_dat VARCHAR2(30);
  v_date VARCHAR2(30);
  v_date2 VARCHAR2(30);
  v_date3 VARCHAR2(30);
  v_date4 VARCHAR2(30);
   v_date5 NUMBER(30);
BEGIN
  SELECT STD_ID,NAME,SURNAME,AGE, PARENT_ID,CLASS_ID
    INTO v_dat,v_date,v_date2,v_date3,v_date4,v_date5
    FROM STUDENT;
  DBMS_OUTPUT.PUT_LINE(v_date);
END;

/
--------------------------------------------------------
--  Constraints for Table CONTACT
--------------------------------------------------------

  ALTER TABLE "MUHAMMED"."CONTACT" ADD CONSTRAINT "CONTACT_PK" PRIMARY KEY ("CONTACT_ID")
  USING INDEX PCTFREE 10 INITRANS 2 MAXTRANS 255 COMPUTE STATISTICS 
  STORAGE(INITIAL 65536 NEXT 1048576 MINEXTENTS 1 MAXEXTENTS 2147483645
  PCTINCREASE 0 FREELISTS 1 FREELIST GROUPS 1 BUFFER_POOL DEFAULT FLASH_CACHE DEFAULT CELL_FLASH_CACHE DEFAULT)
  TABLESPACE "USERS"  ENABLE;
  ALTER TABLE "MUHAMMED"."CONTACT" MODIFY ("TEL_NUMBER" NOT NULL ENABLE);
  ALTER TABLE "MUHAMMED"."CONTACT" MODIFY ("CITY" NOT NULL ENABLE);
  ALTER TABLE "MUHAMMED"."CONTACT" MODIFY ("VILLAGE" NOT NULL ENABLE);
  ALTER TABLE "MUHAMMED"."CONTACT" MODIFY ("STREET" NOT NULL ENABLE);
  ALTER TABLE "MUHAMMED"."CONTACT" MODIFY ("CONTACT_ID" NOT NULL ENABLE);
--------------------------------------------------------
--  Constraints for Table CLASS
--------------------------------------------------------

  ALTER TABLE "MUHAMMED"."CLASS" ADD CONSTRAINT "CLASS_PK" PRIMARY KEY ("CLASS_ID")
  USING INDEX PCTFREE 10 INITRANS 2 MAXTRANS 255 COMPUTE STATISTICS 
  STORAGE(INITIAL 65536 NEXT 1048576 MINEXTENTS 1 MAXEXTENTS 2147483645
  PCTINCREASE 0 FREELISTS 1 FREELIST GROUPS 1 BUFFER_POOL DEFAULT FLASH_CACHE DEFAULT CELL_FLASH_CACHE DEFAULT)
  TABLESPACE "USERS"  ENABLE;
  ALTER TABLE "MUHAMMED"."CLASS" MODIFY ("TEACHER_ID" NOT NULL ENABLE);
  ALTER TABLE "MUHAMMED"."CLASS" MODIFY ("SUBJECT_ID" NOT NULL ENABLE);
  ALTER TABLE "MUHAMMED"."CLASS" MODIFY ("CLASS_NAME" NOT NULL ENABLE);
  ALTER TABLE "MUHAMMED"."CLASS" MODIFY ("CLASS_ID" NOT NULL ENABLE);
--------------------------------------------------------
--  Constraints for Table PARENT
--------------------------------------------------------

  ALTER TABLE "MUHAMMED"."PARENT" MODIFY ("CONTACT_ID" NOT NULL ENABLE);
  ALTER TABLE "MUHAMMED"."PARENT" ADD CONSTRAINT "PARENT_PK" PRIMARY KEY ("PARENT_ID")
  USING INDEX PCTFREE 10 INITRANS 2 MAXTRANS 255 COMPUTE STATISTICS 
  STORAGE(INITIAL 65536 NEXT 1048576 MINEXTENTS 1 MAXEXTENTS 2147483645
  PCTINCREASE 0 FREELISTS 1 FREELIST GROUPS 1 BUFFER_POOL DEFAULT FLASH_CACHE DEFAULT CELL_FLASH_CACHE DEFAULT)
  TABLESPACE "USERS"  ENABLE;
  ALTER TABLE "MUHAMMED"."PARENT" MODIFY ("SURNAME" NOT NULL ENABLE);
  ALTER TABLE "MUHAMMED"."PARENT" MODIFY ("NAME" NOT NULL ENABLE);
  ALTER TABLE "MUHAMMED"."PARENT" MODIFY ("PARENT_ID" NOT NULL ENABLE);
--------------------------------------------------------
--  Constraints for Table PAYMENT
--------------------------------------------------------

  ALTER TABLE "MUHAMMED"."PAYMENT" ADD CONSTRAINT "PAYMENT_PK" PRIMARY KEY ("PAYMENT_ID")
  USING INDEX PCTFREE 10 INITRANS 2 MAXTRANS 255 COMPUTE STATISTICS 
  STORAGE(INITIAL 65536 NEXT 1048576 MINEXTENTS 1 MAXEXTENTS 2147483645
  PCTINCREASE 0 FREELISTS 1 FREELIST GROUPS 1 BUFFER_POOL DEFAULT FLASH_CACHE DEFAULT CELL_FLASH_CACHE DEFAULT)
  TABLESPACE "USERS"  ENABLE;
  ALTER TABLE "MUHAMMED"."PAYMENT" MODIFY ("AMOUNT" NOT NULL ENABLE);
  ALTER TABLE "MUHAMMED"."PAYMENT" MODIFY ("STUDENT_ID" NOT NULL ENABLE);
  ALTER TABLE "MUHAMMED"."PAYMENT" MODIFY ("PAYMENT_ID" NOT NULL ENABLE);
--------------------------------------------------------
--  Constraints for Table STUDENT
--------------------------------------------------------

  ALTER TABLE "MUHAMMED"."STUDENT" ADD CONSTRAINT "STUDENT_PK" PRIMARY KEY ("STD_ID")
  USING INDEX PCTFREE 10 INITRANS 2 MAXTRANS 255 COMPUTE STATISTICS 
  STORAGE(INITIAL 65536 NEXT 1048576 MINEXTENTS 1 MAXEXTENTS 2147483645
  PCTINCREASE 0 FREELISTS 1 FREELIST GROUPS 1 BUFFER_POOL DEFAULT FLASH_CACHE DEFAULT CELL_FLASH_CACHE DEFAULT)
  TABLESPACE "USERS"  ENABLE;
  ALTER TABLE "MUHAMMED"."STUDENT" MODIFY ("PARENT_ID" NOT NULL ENABLE);
  ALTER TABLE "MUHAMMED"."STUDENT" MODIFY ("SURNAME" NOT NULL ENABLE);
  ALTER TABLE "MUHAMMED"."STUDENT" MODIFY ("NAME" NOT NULL ENABLE);
  ALTER TABLE "MUHAMMED"."STUDENT" MODIFY ("STD_ID" NOT NULL ENABLE);
--------------------------------------------------------
--  Constraints for Table AA
--------------------------------------------------------

  ALTER TABLE "MUHAMMED"."AA" ADD CONSTRAINT "AA_PK" PRIMARY KEY ("BB")
  USING INDEX PCTFREE 10 INITRANS 2 MAXTRANS 255 
  STORAGE(INITIAL 65536 NEXT 1048576 MINEXTENTS 1 MAXEXTENTS 2147483645
  PCTINCREASE 0 FREELISTS 1 FREELIST GROUPS 1 BUFFER_POOL DEFAULT FLASH_CACHE DEFAULT CELL_FLASH_CACHE DEFAULT)
  TABLESPACE "USERS"  ENABLE;
--------------------------------------------------------
--  Constraints for Table PRIVILIGES
--------------------------------------------------------

  ALTER TABLE "MUHAMMED"."PRIVILIGES" ADD CONSTRAINT "PRIVILIGES_PK" PRIMARY KEY ("ID")
  USING INDEX PCTFREE 10 INITRANS 2 MAXTRANS 255 COMPUTE STATISTICS 
  STORAGE(INITIAL 65536 NEXT 1048576 MINEXTENTS 1 MAXEXTENTS 2147483645
  PCTINCREASE 0 FREELISTS 1 FREELIST GROUPS 1 BUFFER_POOL DEFAULT FLASH_CACHE DEFAULT CELL_FLASH_CACHE DEFAULT)
  TABLESPACE "USERS"  ENABLE;
  ALTER TABLE "MUHAMMED"."PRIVILIGES" MODIFY ("ID" NOT NULL ENABLE);
--------------------------------------------------------
--  Constraints for Table SUBJECT
--------------------------------------------------------

  ALTER TABLE "MUHAMMED"."SUBJECT" ADD CONSTRAINT "SUBJECT_PK" PRIMARY KEY ("SUBJECT_ID")
  USING INDEX PCTFREE 10 INITRANS 2 MAXTRANS 255 COMPUTE STATISTICS 
  STORAGE(INITIAL 65536 NEXT 1048576 MINEXTENTS 1 MAXEXTENTS 2147483645
  PCTINCREASE 0 FREELISTS 1 FREELIST GROUPS 1 BUFFER_POOL DEFAULT FLASH_CACHE DEFAULT CELL_FLASH_CACHE DEFAULT)
  TABLESPACE "USERS"  ENABLE;
  ALTER TABLE "MUHAMMED"."SUBJECT" MODIFY ("SUBJECT_NAME" NOT NULL ENABLE);
  ALTER TABLE "MUHAMMED"."SUBJECT" MODIFY ("SUBJECT_ID" NOT NULL ENABLE);
--------------------------------------------------------
--  Constraints for Table K_USER
--------------------------------------------------------

  ALTER TABLE "MUHAMMED"."K_USER" MODIFY ("PRIVILIGESID" NOT NULL ENABLE);
  ALTER TABLE "MUHAMMED"."K_USER" MODIFY ("PASSWORD" NOT NULL ENABLE);
  ALTER TABLE "MUHAMMED"."K_USER" MODIFY ("USERNAME" NOT NULL ENABLE);
  ALTER TABLE "MUHAMMED"."K_USER" MODIFY ("USER_ID" NOT NULL ENABLE);
--------------------------------------------------------
--  Constraints for Table TEACHER
--------------------------------------------------------

  ALTER TABLE "MUHAMMED"."TEACHER" ADD CONSTRAINT "TEACHER_PK" PRIMARY KEY ("TEACHER_ID")
  USING INDEX PCTFREE 10 INITRANS 2 MAXTRANS 255 COMPUTE STATISTICS 
  STORAGE(INITIAL 65536 NEXT 1048576 MINEXTENTS 1 MAXEXTENTS 2147483645
  PCTINCREASE 0 FREELISTS 1 FREELIST GROUPS 1 BUFFER_POOL DEFAULT FLASH_CACHE DEFAULT CELL_FLASH_CACHE DEFAULT)
  TABLESPACE "USERS"  ENABLE;
  ALTER TABLE "MUHAMMED"."TEACHER" MODIFY ("AGE" NOT NULL ENABLE);
  ALTER TABLE "MUHAMMED"."TEACHER" MODIFY ("SURNAME" NOT NULL ENABLE);
  ALTER TABLE "MUHAMMED"."TEACHER" MODIFY ("NAME" NOT NULL ENABLE);
  ALTER TABLE "MUHAMMED"."TEACHER" MODIFY ("TEACHER_ID" NOT NULL ENABLE);
--------------------------------------------------------
--  Ref Constraints for Table CLASS
--------------------------------------------------------

  ALTER TABLE "MUHAMMED"."CLASS" ADD CONSTRAINT "STUDENTTOCLASS" FOREIGN KEY ("STUDENT_ID")
	  REFERENCES "MUHAMMED"."STUDENT" ("STD_ID") ENABLE;
  ALTER TABLE "MUHAMMED"."CLASS" ADD CONSTRAINT "SUBJECTFKTOCLASS" FOREIGN KEY ("SUBJECT_ID")
	  REFERENCES "MUHAMMED"."SUBJECT" ("SUBJECT_ID") ENABLE;
  ALTER TABLE "MUHAMMED"."CLASS" ADD CONSTRAINT "TEACHERFKTOCLASS" FOREIGN KEY ("TEACHER_ID")
	  REFERENCES "MUHAMMED"."TEACHER" ("TEACHER_ID") ENABLE;
--------------------------------------------------------
--  Ref Constraints for Table PARENT
--------------------------------------------------------

  ALTER TABLE "MUHAMMED"."PARENT" ADD CONSTRAINT "CONTACTFKTOPARENT" FOREIGN KEY ("CONTACT_ID")
	  REFERENCES "MUHAMMED"."CONTACT" ("CONTACT_ID") ENABLE;
--------------------------------------------------------
--  Ref Constraints for Table PAYMENT
--------------------------------------------------------

  ALTER TABLE "MUHAMMED"."PAYMENT" ADD CONSTRAINT "STUDENTFKTOPAYMENT" FOREIGN KEY ("STUDENT_ID")
	  REFERENCES "MUHAMMED"."STUDENT" ("STD_ID") ENABLE;
--------------------------------------------------------
--  Ref Constraints for Table TEACHER
--------------------------------------------------------

  ALTER TABLE "MUHAMMED"."TEACHER" ADD CONSTRAINT "CONTACTFKTOTEACHER" FOREIGN KEY ("CONTACT_ID")
	  REFERENCES "MUHAMMED"."CONTACT" ("CONTACT_ID") ENABLE;
